{"text": " Here's another testing of the capability of recording.", "segments": [{"id": 0, "seek": 0, "start": 0.0, "end": 6.4, "text": " Here's another testing of the capability of recording.", "tokens": [50364, 1692, 311, 1071, 4997, 295, 264, 13759, 295, 6613, 13, 50684], "temperature": 0.0, "avg_logprob": -0.3417173899137057, "compression_ratio": 0.9473684210526315, "no_speech_prob": 0.0022118722554296255}], "language": "en"}